Filename,label
train/FAKE/1000 (10).jpg,0
train/FAKE/1000 (2).jpg,0
train/FAKE/1000 (3).jpg,0
train/FAKE/1000 (4).jpg,0
train/FAKE/1000 (5).jpg,0
train/FAKE/1000 (6).jpg,0
train/FAKE/1000 (7).jpg,0
train/FAKE/1000 (8).jpg,0
train/FAKE/1000 (9).jpg,0
train/FAKE/1000.jpg,0
train/FAKE/1001 (10).jpg,0
train/FAKE/1001 (2).jpg,0
train/FAKE/1001 (3).jpg,0
train/FAKE/1001 (4).jpg,0
train/FAKE/1001 (5).jpg,0
train/FAKE/1001 (6).jpg,0
train/FAKE/1001 (7).jpg,0
train/FAKE/1001 (8).jpg,0
train/FAKE/1001 (9).jpg,0
train/FAKE/1001.jpg,0
train/FAKE/1002 (10).jpg,0
train/FAKE/1002 (2).jpg,0
train/FAKE/1002 (3).jpg,0
train/FAKE/1002 (4).jpg,0
train/FAKE/1002 (5).jpg,0
train/FAKE/1002 (6).jpg,0
train/FAKE/1002 (7).jpg,0
train/FAKE/1002 (8).jpg,0
train/FAKE/1002 (9).jpg,0
train/FAKE/1002.jpg,0
train/FAKE/1003 (10).jpg,0
train/FAKE/1003 (2).jpg,0
train/FAKE/1003 (3).jpg,0
train/FAKE/1003 (4).jpg,0
train/FAKE/1003 (5).jpg,0
train/FAKE/1003 (6).jpg,0
train/FAKE/1003 (7).jpg,0
train/FAKE/1003 (8).jpg,0
train/FAKE/1003 (9).jpg,0
train/FAKE/1003.jpg,0
train/FAKE/1004 (10).jpg,0
train/FAKE/1004 (2).jpg,0
train/FAKE/1004 (3).jpg,0
train/FAKE/1004 (4).jpg,0
train/FAKE/1004 (5).jpg,0
train/FAKE/1004 (6).jpg,0
train/FAKE/1004 (7).jpg,0
train/FAKE/1004 (8).jpg,0
train/FAKE/1004 (9).jpg,0
train/FAKE/1004.jpg,0
train/FAKE/1005 (10).jpg,0
train/FAKE/1005 (2).jpg,0
train/FAKE/1005 (3).jpg,0
train/FAKE/1005 (4).jpg,0
train/FAKE/1005 (5).jpg,0
train/FAKE/1005 (6).jpg,0
train/FAKE/1005 (7).jpg,0
train/FAKE/1005 (8).jpg,0
train/FAKE/1005 (9).jpg,0
train/FAKE/1005.jpg,0
train/FAKE/1006 (10).jpg,0
train/FAKE/1006 (2).jpg,0
train/FAKE/1006 (3).jpg,0
train/FAKE/1006 (4).jpg,0
train/FAKE/1006 (5).jpg,0
train/FAKE/1006 (6).jpg,0
train/FAKE/1006 (7).jpg,0
train/FAKE/1006 (8).jpg,0
train/FAKE/1006 (9).jpg,0
train/FAKE/1006.jpg,0
train/FAKE/1007 (10).jpg,0
train/FAKE/1007 (2).jpg,0
train/FAKE/1007 (3).jpg,0
train/FAKE/1007 (4).jpg,0
train/FAKE/1007 (5).jpg,0
train/FAKE/1007 (6).jpg,0
train/FAKE/1007 (7).jpg,0
train/FAKE/1007 (8).jpg,0
train/FAKE/1007 (9).jpg,0
train/FAKE/1007.jpg,0
train/FAKE/1008 (10).jpg,0
train/FAKE/1008 (2).jpg,0
train/FAKE/1008 (3).jpg,0
train/FAKE/1008 (4).jpg,0
train/FAKE/1008 (5).jpg,0
train/FAKE/1008 (6).jpg,0
train/FAKE/1008 (7).jpg,0
train/FAKE/1008 (8).jpg,0
train/FAKE/1008 (9).jpg,0
train/FAKE/1008.jpg,0
train/FAKE/1009 (10).jpg,0
train/FAKE/1009 (2).jpg,0
train/FAKE/1009 (3).jpg,0
train/FAKE/1009 (4).jpg,0
train/FAKE/1009 (5).jpg,0
train/FAKE/1009 (6).jpg,0
train/FAKE/1009 (7).jpg,0
train/FAKE/1009 (8).jpg,0
train/FAKE/1009 (9).jpg,0
train/FAKE/1009.jpg,0
train/FAKE/1010 (10).jpg,0
train/FAKE/1010 (2).jpg,0
train/FAKE/1010 (3).jpg,0
train/FAKE/1010 (4).jpg,0
train/FAKE/1010 (5).jpg,0
train/FAKE/1010 (6).jpg,0
train/FAKE/1010 (7).jpg,0
train/FAKE/1010 (8).jpg,0
train/FAKE/1010 (9).jpg,0
train/FAKE/1010.jpg,0
train/FAKE/1011 (10).jpg,0
train/FAKE/1011 (2).jpg,0
train/FAKE/1011 (3).jpg,0
train/FAKE/1011 (4).jpg,0
train/FAKE/1011 (5).jpg,0
train/FAKE/1011 (6).jpg,0
train/FAKE/1011 (7).jpg,0
train/FAKE/1011 (8).jpg,0
train/FAKE/1011 (9).jpg,0
train/FAKE/1011.jpg,0
train/FAKE/1012 (10).jpg,0
train/FAKE/1012 (2).jpg,0
train/FAKE/1012 (3).jpg,0
train/FAKE/1012 (4).jpg,0
train/FAKE/1012 (5).jpg,0
train/FAKE/1012 (6).jpg,0
train/FAKE/1012 (7).jpg,0
train/FAKE/1012 (8).jpg,0
train/FAKE/1012 (9).jpg,0
train/FAKE/1012.jpg,0
train/FAKE/1013 (10).jpg,0
train/FAKE/1013 (2).jpg,0
train/FAKE/1013 (3).jpg,0
train/FAKE/1013 (4).jpg,0
train/FAKE/1013 (5).jpg,0
train/FAKE/1013 (6).jpg,0
train/FAKE/1013 (7).jpg,0
train/FAKE/1013 (8).jpg,0
train/FAKE/1013 (9).jpg,0
train/FAKE/1013.jpg,0
train/FAKE/1014 (10).jpg,0
train/FAKE/1014 (2).jpg,0
train/FAKE/1014 (3).jpg,0
train/FAKE/1014 (4).jpg,0
train/FAKE/1014 (5).jpg,0
train/FAKE/1014 (6).jpg,0
train/FAKE/1014 (7).jpg,0
train/FAKE/1014 (8).jpg,0
train/FAKE/1014 (9).jpg,0
train/FAKE/1014.jpg,0
train/FAKE/1015 (10).jpg,0
train/FAKE/1015 (2).jpg,0
train/FAKE/1015 (3).jpg,0
train/FAKE/1015 (4).jpg,0
train/FAKE/1015 (5).jpg,0
train/FAKE/1015 (6).jpg,0
train/FAKE/1015 (7).jpg,0
train/FAKE/1015 (8).jpg,0
train/FAKE/1015 (9).jpg,0
train/FAKE/1015.jpg,0
train/FAKE/1016 (10).jpg,0
train/FAKE/1016 (2).jpg,0
train/FAKE/1016 (3).jpg,0
train/FAKE/1016 (4).jpg,0
train/FAKE/1016 (5).jpg,0
train/FAKE/1016 (6).jpg,0
train/FAKE/1016 (7).jpg,0
train/FAKE/1016 (8).jpg,0
train/FAKE/1016 (9).jpg,0
train/FAKE/1016.jpg,0
train/FAKE/1017 (10).jpg,0
train/FAKE/1017 (2).jpg,0
train/FAKE/1017 (3).jpg,0
train/FAKE/1017 (4).jpg,0
train/FAKE/1017 (5).jpg,0
train/FAKE/1017 (6).jpg,0
train/FAKE/1017 (7).jpg,0
train/FAKE/1017 (8).jpg,0
train/FAKE/1017 (9).jpg,0
train/FAKE/1017.jpg,0
train/FAKE/1018 (10).jpg,0
train/FAKE/1018 (2).jpg,0
train/FAKE/1018 (3).jpg,0
train/FAKE/1018 (4).jpg,0
train/FAKE/1018 (5).jpg,0
train/FAKE/1018 (6).jpg,0
train/FAKE/1018 (7).jpg,0
train/FAKE/1018 (8).jpg,0
train/FAKE/1018 (9).jpg,0
train/FAKE/1018.jpg,0
train/FAKE/1019 (10).jpg,0
train/FAKE/1019 (2).jpg,0
train/FAKE/1019 (3).jpg,0
train/FAKE/1019 (4).jpg,0
train/FAKE/1019 (5).jpg,0
train/FAKE/1019 (6).jpg,0
train/FAKE/1019 (7).jpg,0
train/FAKE/1019 (8).jpg,0
train/FAKE/1019 (9).jpg,0
train/FAKE/1019.jpg,0
train/FAKE/1020 (10).jpg,0
train/FAKE/1020 (2).jpg,0
train/FAKE/1020 (3).jpg,0
train/FAKE/1020 (4).jpg,0
train/FAKE/1020 (5).jpg,0
train/FAKE/1020 (6).jpg,0
train/FAKE/1020 (7).jpg,0
train/FAKE/1020 (8).jpg,0
train/FAKE/1020 (9).jpg,0
train/FAKE/1020.jpg,0
train/FAKE/1021 (10).jpg,0
train/FAKE/1021 (2).jpg,0
train/FAKE/1021 (3).jpg,0
train/FAKE/1021 (4).jpg,0
train/FAKE/1021 (5).jpg,0
train/FAKE/1021 (6).jpg,0
train/FAKE/1021 (7).jpg,0
train/FAKE/1021 (8).jpg,0
train/FAKE/1021 (9).jpg,0
train/FAKE/1021.jpg,0
train/FAKE/1022 (10).jpg,0
train/FAKE/1022 (2).jpg,0
train/FAKE/1022 (3).jpg,0
train/FAKE/1022 (4).jpg,0
train/FAKE/1022 (5).jpg,0
train/FAKE/1022 (6).jpg,0
train/FAKE/1022 (7).jpg,0
train/FAKE/1022 (8).jpg,0
train/FAKE/1022 (9).jpg,0
train/FAKE/1022.jpg,0
train/FAKE/1023 (10).jpg,0
train/FAKE/1023 (2).jpg,0
train/FAKE/1023 (3).jpg,0
train/FAKE/1023 (4).jpg,0
train/FAKE/1023 (5).jpg,0
train/FAKE/1023 (6).jpg,0
train/FAKE/1023 (7).jpg,0
train/FAKE/1023 (8).jpg,0
train/FAKE/1023 (9).jpg,0
train/FAKE/1023.jpg,0
train/FAKE/1024 (10).jpg,0
train/FAKE/1024 (2).jpg,0
train/FAKE/1024 (3).jpg,0
train/FAKE/1024 (4).jpg,0
train/FAKE/1024 (5).jpg,0
train/FAKE/1024 (6).jpg,0
train/FAKE/1024 (7).jpg,0
train/FAKE/1024 (8).jpg,0
train/FAKE/1024 (9).jpg,0
train/FAKE/1024.jpg,0
train/FAKE/1025 (10).jpg,0
train/FAKE/1025 (2).jpg,0
train/FAKE/1025 (3).jpg,0
train/FAKE/1025 (4).jpg,0
train/FAKE/1025 (5).jpg,0
train/FAKE/1025 (6).jpg,0
train/FAKE/1025 (7).jpg,0
train/FAKE/1025 (8).jpg,0
train/FAKE/1025 (9).jpg,0
train/FAKE/1025.jpg,0
train/FAKE/1026 (10).jpg,0
train/FAKE/1026 (2).jpg,0
train/FAKE/1026 (3).jpg,0
train/FAKE/1026 (4).jpg,0
train/FAKE/1026 (5).jpg,0
train/FAKE/1026 (6).jpg,0
train/FAKE/1026 (7).jpg,0
train/FAKE/1026 (8).jpg,0
train/FAKE/1026 (9).jpg,0
train/FAKE/1026.jpg,0
train/FAKE/1027 (10).jpg,0
train/FAKE/1027 (2).jpg,0
train/FAKE/1027 (3).jpg,0
train/FAKE/1027 (4).jpg,0
train/FAKE/1027 (5).jpg,0
train/FAKE/1027 (6).jpg,0
train/FAKE/1027 (7).jpg,0
train/FAKE/1027 (8).jpg,0
train/FAKE/1027 (9).jpg,0
train/FAKE/1027.jpg,0
train/FAKE/1028 (10).jpg,0
train/FAKE/1028 (2).jpg,0
train/FAKE/1028 (3).jpg,0
train/FAKE/1028 (4).jpg,0
train/FAKE/1028 (5).jpg,0
train/FAKE/1028 (6).jpg,0
train/FAKE/1028 (7).jpg,0
train/FAKE/1028 (8).jpg,0
train/FAKE/1028 (9).jpg,0
train/FAKE/1028.jpg,0
train/FAKE/1029 (10).jpg,0
train/FAKE/1029 (2).jpg,0
train/FAKE/1029 (3).jpg,0
train/FAKE/1029 (4).jpg,0
train/FAKE/1029 (5).jpg,0
train/FAKE/1029 (6).jpg,0
train/FAKE/1029 (7).jpg,0
train/FAKE/1029 (8).jpg,0
train/FAKE/1029 (9).jpg,0
train/FAKE/1029.jpg,0
train/FAKE/1030 (10).jpg,0
train/FAKE/1030 (2).jpg,0
train/FAKE/1030 (3).jpg,0
train/FAKE/1030 (4).jpg,0
train/FAKE/1030 (5).jpg,0
train/FAKE/1030 (6).jpg,0
train/FAKE/1030 (7).jpg,0
train/FAKE/1030 (8).jpg,0
train/FAKE/1030 (9).jpg,0
train/FAKE/1030.jpg,0
train/FAKE/1031 (10).jpg,0
train/FAKE/1031 (2).jpg,0
train/FAKE/1031 (3).jpg,0
train/FAKE/1031 (4).jpg,0
train/FAKE/1031 (5).jpg,0
train/FAKE/1031 (6).jpg,0
train/FAKE/1031 (7).jpg,0
train/FAKE/1031 (8).jpg,0
train/FAKE/1031 (9).jpg,0
train/FAKE/1031.jpg,0
train/FAKE/1032 (10).jpg,0
train/FAKE/1032 (2).jpg,0
train/FAKE/1032 (3).jpg,0
train/FAKE/1032 (4).jpg,0
train/FAKE/1032 (5).jpg,0
train/FAKE/1032 (6).jpg,0
train/FAKE/1032 (7).jpg,0
train/FAKE/1032 (8).jpg,0
train/FAKE/1032 (9).jpg,0
train/FAKE/1032.jpg,0
train/FAKE/1033 (10).jpg,0
train/FAKE/1033 (2).jpg,0
train/FAKE/1033 (3).jpg,0
train/FAKE/1033 (4).jpg,0
train/FAKE/1033 (5).jpg,0
train/FAKE/1033 (6).jpg,0
train/FAKE/1033 (7).jpg,0
train/FAKE/1033 (8).jpg,0
train/FAKE/1033 (9).jpg,0
train/FAKE/1033.jpg,0
train/FAKE/1034 (10).jpg,0
train/FAKE/1034 (2).jpg,0
train/FAKE/1034 (3).jpg,0
train/FAKE/1034 (4).jpg,0
train/FAKE/1034 (5).jpg,0
train/FAKE/1034 (6).jpg,0
train/FAKE/1034 (7).jpg,0
train/FAKE/1034 (8).jpg,0
train/FAKE/1034 (9).jpg,0
train/FAKE/1034.jpg,0
train/FAKE/1035 (10).jpg,0
train/FAKE/1035 (2).jpg,0
train/FAKE/1035 (3).jpg,0
train/FAKE/1035 (4).jpg,0
train/FAKE/1035 (5).jpg,0
train/FAKE/1035 (6).jpg,0
train/FAKE/1035 (7).jpg,0
train/FAKE/1035 (8).jpg,0
train/FAKE/1035 (9).jpg,0
train/FAKE/1035.jpg,0
train/FAKE/1036 (10).jpg,0
train/FAKE/1036 (2).jpg,0
train/FAKE/1036 (3).jpg,0
train/FAKE/1036 (4).jpg,0
train/FAKE/1036 (5).jpg,0
train/FAKE/1036 (6).jpg,0
train/FAKE/1036 (7).jpg,0
train/FAKE/1036 (8).jpg,0
train/FAKE/1036 (9).jpg,0
train/FAKE/1036.jpg,0
train/FAKE/1037 (10).jpg,0
train/FAKE/1037 (2).jpg,0
train/FAKE/1037 (3).jpg,0
train/FAKE/1037 (4).jpg,0
train/FAKE/1037 (5).jpg,0
train/FAKE/1037 (6).jpg,0
train/FAKE/1037 (7).jpg,0
train/FAKE/1037 (8).jpg,0
train/FAKE/1037 (9).jpg,0
train/FAKE/1037.jpg,0
train/FAKE/1038 (10).jpg,0
train/FAKE/1038 (2).jpg,0
train/FAKE/1038 (3).jpg,0
train/FAKE/1038 (4).jpg,0
train/FAKE/1038 (5).jpg,0
train/FAKE/1038 (6).jpg,0
train/FAKE/1038 (7).jpg,0
train/FAKE/1038 (8).jpg,0
train/FAKE/1038 (9).jpg,0
train/FAKE/1038.jpg,0
train/FAKE/1039 (10).jpg,0
train/FAKE/1039 (2).jpg,0
train/FAKE/1039 (3).jpg,0
train/FAKE/1039 (4).jpg,0
train/FAKE/1039 (5).jpg,0
train/FAKE/1039 (6).jpg,0
train/FAKE/1039 (7).jpg,0
train/FAKE/1039 (8).jpg,0
train/FAKE/1039 (9).jpg,0
train/FAKE/1039.jpg,0
train/FAKE/1040 (10).jpg,0
train/FAKE/1040 (2).jpg,0
train/FAKE/1040 (3).jpg,0
train/FAKE/1040 (4).jpg,0
train/FAKE/1040 (5).jpg,0
train/FAKE/1040 (6).jpg,0
train/FAKE/1040 (7).jpg,0
train/FAKE/1040 (8).jpg,0
train/FAKE/1040 (9).jpg,0
train/FAKE/1040.jpg,0
train/FAKE/1041 (10).jpg,0
train/FAKE/1041 (2).jpg,0
train/FAKE/1041 (3).jpg,0
train/FAKE/1041 (4).jpg,0
train/FAKE/1041 (5).jpg,0
train/FAKE/1041 (6).jpg,0
train/FAKE/1041 (7).jpg,0
train/FAKE/1041 (8).jpg,0
train/FAKE/1041 (9).jpg,0
train/FAKE/1041.jpg,0
train/FAKE/1042 (10).jpg,0
train/FAKE/1042 (2).jpg,0
train/FAKE/1042 (3).jpg,0
train/FAKE/1042 (4).jpg,0
train/FAKE/1042 (5).jpg,0
train/FAKE/1042 (6).jpg,0
train/FAKE/1042 (7).jpg,0
train/FAKE/1042 (8).jpg,0
train/FAKE/1042 (9).jpg,0
train/FAKE/1042.jpg,0
train/FAKE/1043 (10).jpg,0
train/FAKE/1043 (2).jpg,0
train/FAKE/1043 (3).jpg,0
train/FAKE/1043 (4).jpg,0
train/FAKE/1043 (5).jpg,0
train/FAKE/1043 (6).jpg,0
train/FAKE/1043 (7).jpg,0
train/FAKE/1043 (8).jpg,0
train/FAKE/1043 (9).jpg,0
train/FAKE/1043.jpg,0
train/FAKE/1044 (10).jpg,0
train/FAKE/1044 (2).jpg,0
train/FAKE/1044 (3).jpg,0
train/FAKE/1044 (4).jpg,0
train/FAKE/1044 (5).jpg,0
train/FAKE/1044 (6).jpg,0
train/FAKE/1044 (7).jpg,0
train/FAKE/1044 (8).jpg,0
train/FAKE/1044 (9).jpg,0
train/FAKE/1044.jpg,0
train/FAKE/1045 (10).jpg,0
train/FAKE/1045 (2).jpg,0
train/FAKE/1045 (3).jpg,0
train/FAKE/1045 (4).jpg,0
train/FAKE/1045 (5).jpg,0
train/FAKE/1045 (6).jpg,0
train/FAKE/1045 (7).jpg,0
train/FAKE/1045 (8).jpg,0
train/FAKE/1045 (9).jpg,0
train/FAKE/1045.jpg,0
train/FAKE/1046 (10).jpg,0
train/FAKE/1046 (2).jpg,0
train/FAKE/1046 (3).jpg,0
train/FAKE/1046 (4).jpg,0
train/FAKE/1046 (5).jpg,0
train/FAKE/1046 (6).jpg,0
train/FAKE/1046 (7).jpg,0
train/FAKE/1046 (8).jpg,0
train/FAKE/1046 (9).jpg,0
train/FAKE/1046.jpg,0
train/FAKE/1047 (10).jpg,0
train/FAKE/1047 (2).jpg,0
train/FAKE/1047 (3).jpg,0
train/FAKE/1047 (4).jpg,0
train/FAKE/1047 (5).jpg,0
train/FAKE/1047 (6).jpg,0
train/FAKE/1047 (7).jpg,0
train/FAKE/1047 (8).jpg,0
train/FAKE/1047 (9).jpg,0
train/FAKE/1047.jpg,0
train/FAKE/1048 (10).jpg,0
train/FAKE/1048 (2).jpg,0
train/FAKE/1048 (3).jpg,0
train/FAKE/1048 (4).jpg,0
train/FAKE/1048 (5).jpg,0
train/FAKE/1048 (6).jpg,0
train/FAKE/1048 (7).jpg,0
train/FAKE/1048 (8).jpg,0
train/FAKE/1048 (9).jpg,0
train/FAKE/1048.jpg,0
train/FAKE/1049 (10).jpg,0
train/FAKE/1049 (2).jpg,0
train/FAKE/1049 (3).jpg,0
train/FAKE/1049 (4).jpg,0
train/FAKE/1049 (5).jpg,0
train/FAKE/1049 (6).jpg,0
train/FAKE/1049 (7).jpg,0
train/FAKE/1049 (8).jpg,0
train/FAKE/1049 (9).jpg,0
train/FAKE/1049.jpg,0
train/FAKE/1050 (10).jpg,0
train/FAKE/1050 (2).jpg,0
train/FAKE/1050 (3).jpg,0
train/FAKE/1050 (4).jpg,0
train/FAKE/1050 (5).jpg,0
train/FAKE/1050 (6).jpg,0
train/FAKE/1050 (7).jpg,0
train/FAKE/1050 (8).jpg,0
train/FAKE/1050 (9).jpg,0
train/FAKE/1050.jpg,0
train/FAKE/1051 (10).jpg,0
train/FAKE/1051 (2).jpg,0
train/FAKE/1051 (3).jpg,0
train/FAKE/1051 (4).jpg,0
train/FAKE/1051 (5).jpg,0
train/FAKE/1051 (6).jpg,0
train/FAKE/1051 (7).jpg,0
train/FAKE/1051 (8).jpg,0
train/FAKE/1051 (9).jpg,0
train/FAKE/1051.jpg,0
train/FAKE/1052 (10).jpg,0
train/FAKE/1052 (2).jpg,0
train/FAKE/1052 (3).jpg,0
train/FAKE/1052 (4).jpg,0
train/FAKE/1052 (5).jpg,0
train/FAKE/1052 (6).jpg,0
train/FAKE/1052 (7).jpg,0
train/FAKE/1052 (8).jpg,0
train/FAKE/1052 (9).jpg,0
train/FAKE/1052.jpg,0
train/FAKE/1053 (10).jpg,0
train/FAKE/1053 (2).jpg,0
train/FAKE/1053 (3).jpg,0
train/FAKE/1053 (4).jpg,0
train/FAKE/1053 (5).jpg,0
train/FAKE/1053 (6).jpg,0
train/FAKE/1053 (7).jpg,0
train/FAKE/1053 (8).jpg,0
train/FAKE/1053 (9).jpg,0
train/FAKE/1053.jpg,0
train/FAKE/1054 (10).jpg,0
train/FAKE/1054 (2).jpg,0
train/FAKE/1054 (3).jpg,0
train/FAKE/1054 (4).jpg,0
train/FAKE/1054 (5).jpg,0
train/FAKE/1054 (6).jpg,0
train/FAKE/1054 (7).jpg,0
train/FAKE/1054 (8).jpg,0
train/FAKE/1054 (9).jpg,0
train/FAKE/1054.jpg,0
train/FAKE/1055 (10).jpg,0
train/FAKE/1055 (2).jpg,0
train/FAKE/1055 (3).jpg,0
train/FAKE/1055 (4).jpg,0
train/FAKE/1055 (5).jpg,0
train/FAKE/1055 (6).jpg,0
train/FAKE/1055 (7).jpg,0
train/FAKE/1055 (8).jpg,0
train/FAKE/1055 (9).jpg,0
train/FAKE/1055.jpg,0
train/FAKE/1056 (10).jpg,0
train/FAKE/1056 (2).jpg,0
train/FAKE/1056 (3).jpg,0
train/FAKE/1056 (4).jpg,0
train/FAKE/1056 (5).jpg,0
train/FAKE/1056 (6).jpg,0
train/FAKE/1056 (7).jpg,0
train/FAKE/1056 (8).jpg,0
train/FAKE/1056 (9).jpg,0
train/FAKE/1056.jpg,0
train/FAKE/1057 (10).jpg,0
train/FAKE/1057 (2).jpg,0
train/FAKE/1057 (3).jpg,0
train/FAKE/1057 (4).jpg,0
train/FAKE/1057 (5).jpg,0
train/FAKE/1057 (6).jpg,0
train/FAKE/1057 (7).jpg,0
train/FAKE/1057 (8).jpg,0
train/FAKE/1057 (9).jpg,0
train/FAKE/1057.jpg,0
train/FAKE/1058 (10).jpg,0
train/FAKE/1058 (2).jpg,0
train/FAKE/1058 (3).jpg,0
train/FAKE/1058 (4).jpg,0
train/FAKE/1058 (5).jpg,0
train/FAKE/1058 (6).jpg,0
train/FAKE/1058 (7).jpg,0
train/FAKE/1058 (8).jpg,0
train/FAKE/1058 (9).jpg,0
train/FAKE/1058.jpg,0
train/FAKE/1059 (10).jpg,0
train/FAKE/1059 (2).jpg,0
train/FAKE/1059 (3).jpg,0
train/FAKE/1059 (4).jpg,0
train/FAKE/1059 (5).jpg,0
train/FAKE/1059 (6).jpg,0
train/FAKE/1059 (7).jpg,0
train/FAKE/1059 (8).jpg,0
train/FAKE/1059 (9).jpg,0
train/FAKE/1059.jpg,0
train/FAKE/1060 (10).jpg,0
train/FAKE/1060 (2).jpg,0
train/FAKE/1060 (3).jpg,0
train/FAKE/1060 (4).jpg,0
train/FAKE/1060 (5).jpg,0
train/FAKE/1060 (6).jpg,0
train/FAKE/1060 (7).jpg,0
train/FAKE/1060 (8).jpg,0
train/FAKE/1060 (9).jpg,0
train/FAKE/1060.jpg,0
train/FAKE/1061 (10).jpg,0
train/FAKE/1061 (2).jpg,0
train/FAKE/1061 (3).jpg,0
train/FAKE/1061 (4).jpg,0
train/FAKE/1061 (5).jpg,0
train/FAKE/1061 (6).jpg,0
train/FAKE/1061 (7).jpg,0
train/FAKE/1061 (8).jpg,0
train/FAKE/1061 (9).jpg,0
train/FAKE/1061.jpg,0
train/FAKE/1062 (10).jpg,0
train/FAKE/1062 (2).jpg,0
train/FAKE/1062 (3).jpg,0
train/FAKE/1062 (4).jpg,0
train/FAKE/1062 (5).jpg,0
train/FAKE/1062 (6).jpg,0
train/FAKE/1062 (7).jpg,0
train/FAKE/1062 (8).jpg,0
train/FAKE/1062 (9).jpg,0
train/FAKE/1062.jpg,0
train/FAKE/1063 (10).jpg,0
train/FAKE/1063 (2).jpg,0
train/FAKE/1063 (3).jpg,0
train/FAKE/1063 (4).jpg,0
train/FAKE/1063 (5).jpg,0
train/FAKE/1063 (6).jpg,0
train/FAKE/1063 (7).jpg,0
train/FAKE/1063 (8).jpg,0
train/FAKE/1063 (9).jpg,0
train/FAKE/1063.jpg,0
train/FAKE/1064 (10).jpg,0
train/FAKE/1064 (2).jpg,0
train/FAKE/1064 (3).jpg,0
train/FAKE/1064 (4).jpg,0
train/FAKE/1064 (5).jpg,0
train/FAKE/1064 (6).jpg,0
train/FAKE/1064 (7).jpg,0
train/FAKE/1064 (8).jpg,0
train/FAKE/1064 (9).jpg,0
train/FAKE/1064.jpg,0
train/FAKE/1065 (10).jpg,0
train/FAKE/1065 (2).jpg,0
train/FAKE/1065 (3).jpg,0
train/FAKE/1065 (4).jpg,0
train/FAKE/1065 (5).jpg,0
train/FAKE/1065 (6).jpg,0
train/FAKE/1065 (7).jpg,0
train/FAKE/1065 (8).jpg,0
train/FAKE/1065 (9).jpg,0
train/FAKE/1065.jpg,0
train/FAKE/1066 (10).jpg,0
train/FAKE/1066 (2).jpg,0
train/FAKE/1066 (3).jpg,0
train/FAKE/1066 (4).jpg,0
train/FAKE/1066 (5).jpg,0
train/FAKE/1066 (6).jpg,0
train/FAKE/1066 (7).jpg,0
train/FAKE/1066 (8).jpg,0
train/FAKE/1066 (9).jpg,0
train/FAKE/1066.jpg,0
train/FAKE/1067 (10).jpg,0
train/FAKE/1067 (2).jpg,0
train/FAKE/1067 (3).jpg,0
train/FAKE/1067 (4).jpg,0
train/FAKE/1067 (5).jpg,0
train/FAKE/1067 (6).jpg,0
train/FAKE/1067 (7).jpg,0
train/FAKE/1067 (8).jpg,0
train/FAKE/1067 (9).jpg,0
train/FAKE/1067.jpg,0
train/FAKE/1068 (10).jpg,0
train/FAKE/1068 (2).jpg,0
train/FAKE/1068 (3).jpg,0
train/FAKE/1068 (4).jpg,0
train/FAKE/1068 (5).jpg,0
train/FAKE/1068 (6).jpg,0
train/FAKE/1068 (7).jpg,0
train/FAKE/1068 (8).jpg,0
train/FAKE/1068 (9).jpg,0
train/FAKE/1068.jpg,0
train/FAKE/1069 (10).jpg,0
train/FAKE/1069 (2).jpg,0
train/FAKE/1069 (3).jpg,0
train/FAKE/1069 (4).jpg,0
train/FAKE/1069 (5).jpg,0
train/FAKE/1069 (6).jpg,0
train/FAKE/1069 (7).jpg,0
train/FAKE/1069 (8).jpg,0
train/FAKE/1069 (9).jpg,0
train/FAKE/1069.jpg,0
train/FAKE/1070 (10).jpg,0
train/FAKE/1070 (2).jpg,0
train/FAKE/1070 (3).jpg,0
train/FAKE/1070 (4).jpg,0
train/FAKE/1070 (5).jpg,0
train/FAKE/1070 (6).jpg,0
train/FAKE/1070 (7).jpg,0
train/FAKE/1070 (8).jpg,0
train/FAKE/1070 (9).jpg,0
train/FAKE/1070.jpg,0
train/FAKE/1071 (10).jpg,0
train/FAKE/1071 (2).jpg,0
train/FAKE/1071 (3).jpg,0
train/FAKE/1071 (4).jpg,0
train/FAKE/1071 (5).jpg,0
train/FAKE/1071 (6).jpg,0
train/FAKE/1071 (7).jpg,0
train/FAKE/1071 (8).jpg,0
train/FAKE/1071 (9).jpg,0
train/FAKE/1071.jpg,0
train/FAKE/1072 (10).jpg,0
train/FAKE/1072 (2).jpg,0
train/FAKE/1072 (3).jpg,0
train/FAKE/1072 (4).jpg,0
train/FAKE/1072 (5).jpg,0
train/FAKE/1072 (6).jpg,0
train/FAKE/1072 (7).jpg,0
train/FAKE/1072 (8).jpg,0
train/FAKE/1072 (9).jpg,0
train/FAKE/1072.jpg,0
train/FAKE/1073 (10).jpg,0
train/FAKE/1073 (2).jpg,0
train/FAKE/1073 (3).jpg,0
train/FAKE/1073 (4).jpg,0
train/FAKE/1073 (5).jpg,0
train/FAKE/1073 (6).jpg,0
train/FAKE/1073 (7).jpg,0
train/FAKE/1073 (8).jpg,0
train/FAKE/1073 (9).jpg,0
train/FAKE/1073.jpg,0
train/FAKE/1074 (10).jpg,0
train/FAKE/1074 (2).jpg,0
train/FAKE/1074 (3).jpg,0
train/FAKE/1074 (4).jpg,0
train/FAKE/1074 (5).jpg,0
train/FAKE/1074 (6).jpg,0
train/FAKE/1074 (7).jpg,0
train/FAKE/1074 (8).jpg,0
train/FAKE/1074 (9).jpg,0
train/FAKE/1074.jpg,0
train/FAKE/1075 (10).jpg,0
train/FAKE/1075 (2).jpg,0
train/FAKE/1075 (3).jpg,0
train/FAKE/1075 (4).jpg,0
train/FAKE/1075 (5).jpg,0
train/FAKE/1075 (6).jpg,0
train/FAKE/1075 (7).jpg,0
train/FAKE/1075 (8).jpg,0
train/FAKE/1075 (9).jpg,0
train/FAKE/1075.jpg,0
train/FAKE/1076 (10).jpg,0
train/FAKE/1076 (2).jpg,0
train/FAKE/1076 (3).jpg,0
train/FAKE/1076 (4).jpg,0
train/FAKE/1076 (5).jpg,0
train/FAKE/1076 (6).jpg,0
train/FAKE/1076 (7).jpg,0
train/FAKE/1076 (8).jpg,0
train/FAKE/1076 (9).jpg,0
train/FAKE/1076.jpg,0
train/FAKE/1077 (10).jpg,0
train/FAKE/1077 (2).jpg,0
train/FAKE/1077 (3).jpg,0
train/FAKE/1077 (4).jpg,0
train/FAKE/1077 (5).jpg,0
train/FAKE/1077 (6).jpg,0
train/FAKE/1077 (7).jpg,0
train/FAKE/1077 (8).jpg,0
train/FAKE/1077 (9).jpg,0
train/FAKE/1077.jpg,0
train/FAKE/1078 (10).jpg,0
train/FAKE/1078 (2).jpg,0
train/FAKE/1078 (3).jpg,0
train/FAKE/1078 (4).jpg,0
train/FAKE/1078 (5).jpg,0
train/FAKE/1078 (6).jpg,0
train/FAKE/1078 (7).jpg,0
train/FAKE/1078 (8).jpg,0
train/FAKE/1078 (9).jpg,0
train/FAKE/1078.jpg,0
train/FAKE/1079 (10).jpg,0
train/FAKE/1079 (2).jpg,0
train/FAKE/1079 (3).jpg,0
train/FAKE/1079 (4).jpg,0
train/FAKE/1079 (5).jpg,0
train/FAKE/1079 (6).jpg,0
train/FAKE/1079 (7).jpg,0
train/FAKE/1079 (8).jpg,0
train/FAKE/1079 (9).jpg,0
train/FAKE/1079.jpg,0
train/FAKE/1080 (10).jpg,0
train/FAKE/1080 (2).jpg,0
train/FAKE/1080 (3).jpg,0
train/FAKE/1080 (4).jpg,0
train/FAKE/1080 (5).jpg,0
train/FAKE/1080 (6).jpg,0
train/FAKE/1080 (7).jpg,0
train/FAKE/1080 (8).jpg,0
train/FAKE/1080 (9).jpg,0
train/FAKE/1080.jpg,0
train/FAKE/1081 (10).jpg,0
train/FAKE/1081 (2).jpg,0
train/FAKE/1081 (3).jpg,0
train/FAKE/1081 (4).jpg,0
train/FAKE/1081 (5).jpg,0
train/FAKE/1081 (6).jpg,0
train/FAKE/1081 (7).jpg,0
train/FAKE/1081 (8).jpg,0
train/FAKE/1081 (9).jpg,0
train/FAKE/1081.jpg,0
train/FAKE/1082 (10).jpg,0
train/FAKE/1082 (2).jpg,0
train/FAKE/1082 (3).jpg,0
train/FAKE/1082 (4).jpg,0
train/FAKE/1082 (5).jpg,0
train/FAKE/1082 (6).jpg,0
train/FAKE/1082 (7).jpg,0
train/FAKE/1082 (8).jpg,0
train/FAKE/1082 (9).jpg,0
train/FAKE/1082.jpg,0
train/FAKE/1083 (10).jpg,0
train/FAKE/1083 (2).jpg,0
train/FAKE/1083 (3).jpg,0
train/FAKE/1083 (4).jpg,0
train/FAKE/1083 (5).jpg,0
train/FAKE/1083 (6).jpg,0
train/FAKE/1083 (7).jpg,0
train/FAKE/1083 (8).jpg,0
train/FAKE/1083 (9).jpg,0
train/FAKE/1083.jpg,0
train/FAKE/1084 (10).jpg,0
train/FAKE/1084 (2).jpg,0
train/FAKE/1084 (3).jpg,0
train/FAKE/1084 (4).jpg,0
train/FAKE/1084 (5).jpg,0
train/FAKE/1084 (6).jpg,0
train/FAKE/1084 (7).jpg,0
train/FAKE/1084 (8).jpg,0
train/FAKE/1084 (9).jpg,0
train/FAKE/1084.jpg,0
train/FAKE/1085 (10).jpg,0
train/FAKE/1085 (2).jpg,0
train/FAKE/1085 (3).jpg,0
train/FAKE/1085 (4).jpg,0
train/FAKE/1085 (5).jpg,0
train/FAKE/1085 (6).jpg,0
train/FAKE/1085 (7).jpg,0
train/FAKE/1085 (8).jpg,0
train/FAKE/1085 (9).jpg,0
train/FAKE/1085.jpg,0
train/FAKE/1086 (10).jpg,0
train/FAKE/1086 (2).jpg,0
train/FAKE/1086 (3).jpg,0
train/FAKE/1086 (4).jpg,0
train/FAKE/1086 (5).jpg,0
train/FAKE/1086 (6).jpg,0
train/FAKE/1086 (7).jpg,0
train/FAKE/1086 (8).jpg,0
train/FAKE/1086 (9).jpg,0
train/FAKE/1086.jpg,0
train/FAKE/1087 (10).jpg,0
train/FAKE/1087 (2).jpg,0
train/FAKE/1087 (3).jpg,0
train/FAKE/1087 (4).jpg,0
train/FAKE/1087 (5).jpg,0
train/FAKE/1087 (6).jpg,0
train/FAKE/1087 (7).jpg,0
train/FAKE/1087 (8).jpg,0
train/FAKE/1087 (9).jpg,0
train/FAKE/1087.jpg,0
train/FAKE/1088 (10).jpg,0
train/FAKE/1088 (2).jpg,0
train/FAKE/1088 (3).jpg,0
train/FAKE/1088 (4).jpg,0
train/FAKE/1088 (5).jpg,0
train/FAKE/1088 (6).jpg,0
train/FAKE/1088 (7).jpg,0
train/FAKE/1088 (8).jpg,0
train/FAKE/1088 (9).jpg,0
train/FAKE/1088.jpg,0
train/FAKE/1089 (10).jpg,0
train/FAKE/1089 (2).jpg,0
train/FAKE/1089 (3).jpg,0
train/FAKE/1089 (4).jpg,0
train/FAKE/1089 (5).jpg,0
train/FAKE/1089 (6).jpg,0
train/FAKE/1089 (7).jpg,0
train/FAKE/1089 (8).jpg,0
train/FAKE/1089 (9).jpg,0
train/FAKE/1089.jpg,0
train/FAKE/1090 (10).jpg,0
train/FAKE/1090 (2).jpg,0
train/FAKE/1090 (3).jpg,0
train/FAKE/1090 (4).jpg,0
train/FAKE/1090 (5).jpg,0
train/FAKE/1090 (6).jpg,0
train/FAKE/1090 (7).jpg,0
train/FAKE/1090 (8).jpg,0
train/FAKE/1090 (9).jpg,0
train/FAKE/1090.jpg,0
train/FAKE/1091 (10).jpg,0
train/FAKE/1091 (2).jpg,0
train/FAKE/1091 (3).jpg,0
train/FAKE/1091 (4).jpg,0
train/FAKE/1091 (5).jpg,0
train/FAKE/1091 (6).jpg,0
train/FAKE/1091 (7).jpg,0
train/FAKE/1091 (8).jpg,0
train/FAKE/1091 (9).jpg,0
train/FAKE/1091.jpg,0
train/FAKE/1092 (10).jpg,0
train/FAKE/1092 (2).jpg,0
train/FAKE/1092 (3).jpg,0
train/FAKE/1092 (4).jpg,0
train/FAKE/1092 (5).jpg,0
train/FAKE/1092 (6).jpg,0
train/FAKE/1092 (7).jpg,0
train/FAKE/1092 (8).jpg,0
train/FAKE/1092 (9).jpg,0
train/FAKE/1092.jpg,0
train/FAKE/1093 (10).jpg,0
train/FAKE/1093 (2).jpg,0
train/FAKE/1093 (3).jpg,0
train/FAKE/1093 (4).jpg,0
train/FAKE/1093 (5).jpg,0
train/FAKE/1093 (6).jpg,0
train/FAKE/1093 (7).jpg,0
train/FAKE/1093 (8).jpg,0
train/FAKE/1093 (9).jpg,0
train/FAKE/1093.jpg,0
train/FAKE/1094 (10).jpg,0
train/FAKE/1094 (2).jpg,0
train/FAKE/1094 (3).jpg,0
train/FAKE/1094 (4).jpg,0
train/FAKE/1094 (5).jpg,0
train/FAKE/1094 (6).jpg,0
train/FAKE/1094 (7).jpg,0
train/FAKE/1094 (8).jpg,0
train/FAKE/1094 (9).jpg,0
train/FAKE/1094.jpg,0
train/FAKE/1095 (10).jpg,0
train/FAKE/1095 (2).jpg,0
train/FAKE/1095 (3).jpg,0
train/FAKE/1095 (4).jpg,0
train/FAKE/1095 (5).jpg,0
train/FAKE/1095 (6).jpg,0
train/FAKE/1095 (7).jpg,0
train/FAKE/1095 (8).jpg,0
train/FAKE/1095 (9).jpg,0
train/FAKE/1095.jpg,0
train/FAKE/1096 (10).jpg,0
train/FAKE/1096 (2).jpg,0
train/FAKE/1096 (3).jpg,0
train/FAKE/1096 (4).jpg,0
train/FAKE/1096 (5).jpg,0
train/FAKE/1096 (6).jpg,0
train/FAKE/1096 (7).jpg,0
train/FAKE/1096 (8).jpg,0
train/FAKE/1096 (9).jpg,0
train/FAKE/1096.jpg,0
train/FAKE/1097 (10).jpg,0
train/FAKE/1097 (2).jpg,0
train/FAKE/1097 (3).jpg,0
train/FAKE/1097 (4).jpg,0
train/FAKE/1097 (5).jpg,0
train/FAKE/1097 (6).jpg,0
train/FAKE/1097 (7).jpg,0
train/FAKE/1097 (8).jpg,0
train/FAKE/1097 (9).jpg,0
train/FAKE/1097.jpg,0
train/FAKE/1098 (10).jpg,0
train/FAKE/1098 (2).jpg,0
train/FAKE/1098 (3).jpg,0
train/FAKE/1098 (4).jpg,0
train/FAKE/1098 (5).jpg,0
train/FAKE/1098 (6).jpg,0
train/FAKE/1098 (7).jpg,0
train/FAKE/1098 (8).jpg,0
train/FAKE/1098 (9).jpg,0
train/FAKE/1098.jpg,0
train/FAKE/1099 (10).jpg,0
train/FAKE/1099 (2).jpg,0
train/FAKE/1099 (3).jpg,0
train/FAKE/1099 (4).jpg,0
train/FAKE/1099 (5).jpg,0
train/FAKE/1099 (6).jpg,0
train/FAKE/1099 (7).jpg,0
train/FAKE/1099 (8).jpg,0
train/FAKE/1099 (9).jpg,0
train/FAKE/1099.jpg,0
train/REAL/0000 (10).jpg,1
train/REAL/0000 (2).jpg,1
train/REAL/0000 (3).jpg,1
train/REAL/0000 (4).jpg,1
train/REAL/0000 (5).jpg,1
train/REAL/0000 (6).jpg,1
train/REAL/0000 (7).jpg,1
train/REAL/0000 (8).jpg,1
train/REAL/0000 (9).jpg,1
train/REAL/0000.jpg,1
train/REAL/0001 (10).jpg,1
train/REAL/0001 (2).jpg,1
train/REAL/0001 (3).jpg,1
train/REAL/0001 (4).jpg,1
train/REAL/0001 (5).jpg,1
train/REAL/0001 (6).jpg,1
train/REAL/0001 (7).jpg,1
train/REAL/0001 (8).jpg,1
train/REAL/0001 (9).jpg,1
train/REAL/0001.jpg,1
train/REAL/0002 (10).jpg,1
train/REAL/0002 (2).jpg,1
train/REAL/0002 (3).jpg,1
train/REAL/0002 (4).jpg,1
train/REAL/0002 (5).jpg,1
train/REAL/0002 (6).jpg,1
train/REAL/0002 (7).jpg,1
train/REAL/0002 (8).jpg,1
train/REAL/0002 (9).jpg,1
train/REAL/0002.jpg,1
train/REAL/0003 (10).jpg,1
train/REAL/0003 (2).jpg,1
train/REAL/0003 (3).jpg,1
train/REAL/0003 (4).jpg,1
train/REAL/0003 (5).jpg,1
train/REAL/0003 (6).jpg,1
train/REAL/0003 (7).jpg,1
train/REAL/0003 (8).jpg,1
train/REAL/0003 (9).jpg,1
train/REAL/0003.jpg,1
train/REAL/0004 (10).jpg,1
train/REAL/0004 (2).jpg,1
train/REAL/0004 (3).jpg,1
train/REAL/0004 (4).jpg,1
train/REAL/0004 (5).jpg,1
train/REAL/0004 (6).jpg,1
train/REAL/0004 (7).jpg,1
train/REAL/0004 (8).jpg,1
train/REAL/0004 (9).jpg,1
train/REAL/0004.jpg,1
train/REAL/0005 (10).jpg,1
train/REAL/0005 (2).jpg,1
train/REAL/0005 (3).jpg,1
train/REAL/0005 (4).jpg,1
train/REAL/0005 (5).jpg,1
train/REAL/0005 (6).jpg,1
train/REAL/0005 (7).jpg,1
train/REAL/0005 (8).jpg,1
train/REAL/0005 (9).jpg,1
train/REAL/0005.jpg,1
train/REAL/0006 (10).jpg,1
train/REAL/0006 (2).jpg,1
train/REAL/0006 (3).jpg,1
train/REAL/0006 (4).jpg,1
train/REAL/0006 (5).jpg,1
train/REAL/0006 (6).jpg,1
train/REAL/0006 (7).jpg,1
train/REAL/0006 (8).jpg,1
train/REAL/0006 (9).jpg,1
train/REAL/0006.jpg,1
train/REAL/0007 (10).jpg,1
train/REAL/0007 (2).jpg,1
train/REAL/0007 (3).jpg,1
train/REAL/0007 (4).jpg,1
train/REAL/0007 (5).jpg,1
train/REAL/0007 (6).jpg,1
train/REAL/0007 (7).jpg,1
train/REAL/0007 (8).jpg,1
train/REAL/0007 (9).jpg,1
train/REAL/0007.jpg,1
train/REAL/0008 (10).jpg,1
train/REAL/0008 (2).jpg,1
train/REAL/0008 (3).jpg,1
train/REAL/0008 (4).jpg,1
train/REAL/0008 (5).jpg,1
train/REAL/0008 (6).jpg,1
train/REAL/0008 (7).jpg,1
train/REAL/0008 (8).jpg,1
train/REAL/0008 (9).jpg,1
train/REAL/0008.jpg,1
train/REAL/0009 (10).jpg,1
train/REAL/0009 (2).jpg,1
train/REAL/0009 (3).jpg,1
train/REAL/0009 (4).jpg,1
train/REAL/0009 (5).jpg,1
train/REAL/0009 (6).jpg,1
train/REAL/0009 (7).jpg,1
train/REAL/0009 (8).jpg,1
train/REAL/0009 (9).jpg,1
train/REAL/0009.jpg,1
train/REAL/0010 (10).jpg,1
train/REAL/0010 (2).jpg,1
train/REAL/0010 (3).jpg,1
train/REAL/0010 (4).jpg,1
train/REAL/0010 (5).jpg,1
train/REAL/0010 (6).jpg,1
train/REAL/0010 (7).jpg,1
train/REAL/0010 (8).jpg,1
train/REAL/0010 (9).jpg,1
train/REAL/0010.jpg,1
train/REAL/0011 (10).jpg,1
train/REAL/0011 (2).jpg,1
train/REAL/0011 (3).jpg,1
train/REAL/0011 (4).jpg,1
train/REAL/0011 (5).jpg,1
train/REAL/0011 (6).jpg,1
train/REAL/0011 (7).jpg,1
train/REAL/0011 (8).jpg,1
train/REAL/0011 (9).jpg,1
train/REAL/0011.jpg,1
train/REAL/0012 (10).jpg,1
train/REAL/0012 (2).jpg,1
train/REAL/0012 (3).jpg,1
train/REAL/0012 (4).jpg,1
train/REAL/0012 (5).jpg,1
train/REAL/0012 (6).jpg,1
train/REAL/0012 (7).jpg,1
train/REAL/0012 (8).jpg,1
train/REAL/0012 (9).jpg,1
train/REAL/0012.jpg,1
train/REAL/0013 (10).jpg,1
train/REAL/0013 (2).jpg,1
train/REAL/0013 (3).jpg,1
train/REAL/0013 (4).jpg,1
train/REAL/0013 (5).jpg,1
train/REAL/0013 (6).jpg,1
train/REAL/0013 (7).jpg,1
train/REAL/0013 (8).jpg,1
train/REAL/0013 (9).jpg,1
train/REAL/0013.jpg,1
train/REAL/0014 (10).jpg,1
train/REAL/0014 (2).jpg,1
train/REAL/0014 (3).jpg,1
train/REAL/0014 (4).jpg,1
train/REAL/0014 (5).jpg,1
train/REAL/0014 (6).jpg,1
train/REAL/0014 (7).jpg,1
train/REAL/0014 (8).jpg,1
train/REAL/0014 (9).jpg,1
train/REAL/0014.jpg,1
train/REAL/0015 (10).jpg,1
train/REAL/0015 (2).jpg,1
train/REAL/0015 (3).jpg,1
train/REAL/0015 (4).jpg,1
train/REAL/0015 (5).jpg,1
train/REAL/0015 (6).jpg,1
train/REAL/0015 (7).jpg,1
train/REAL/0015 (8).jpg,1
train/REAL/0015 (9).jpg,1
train/REAL/0015.jpg,1
train/REAL/0016 (10).jpg,1
train/REAL/0016 (2).jpg,1
train/REAL/0016 (3).jpg,1
train/REAL/0016 (4).jpg,1
train/REAL/0016 (5).jpg,1
train/REAL/0016 (6).jpg,1
train/REAL/0016 (7).jpg,1
train/REAL/0016 (8).jpg,1
train/REAL/0016 (9).jpg,1
train/REAL/0016.jpg,1
train/REAL/0017 (10).jpg,1
train/REAL/0017 (2).jpg,1
train/REAL/0017 (3).jpg,1
train/REAL/0017 (4).jpg,1
train/REAL/0017 (5).jpg,1
train/REAL/0017 (6).jpg,1
train/REAL/0017 (7).jpg,1
train/REAL/0017 (8).jpg,1
train/REAL/0017 (9).jpg,1
train/REAL/0017.jpg,1
train/REAL/0018 (10).jpg,1
train/REAL/0018 (2).jpg,1
train/REAL/0018 (3).jpg,1
train/REAL/0018 (4).jpg,1
train/REAL/0018 (5).jpg,1
train/REAL/0018 (6).jpg,1
train/REAL/0018 (7).jpg,1
train/REAL/0018 (8).jpg,1
train/REAL/0018 (9).jpg,1
train/REAL/0018.jpg,1
train/REAL/0019 (10).jpg,1
train/REAL/0019 (2).jpg,1
train/REAL/0019 (3).jpg,1
train/REAL/0019 (4).jpg,1
train/REAL/0019 (5).jpg,1
train/REAL/0019 (6).jpg,1
train/REAL/0019 (7).jpg,1
train/REAL/0019 (8).jpg,1
train/REAL/0019 (9).jpg,1
train/REAL/0019.jpg,1
train/REAL/0020 (10).jpg,1
train/REAL/0020 (2).jpg,1
train/REAL/0020 (3).jpg,1
train/REAL/0020 (4).jpg,1
train/REAL/0020 (5).jpg,1
train/REAL/0020 (6).jpg,1
train/REAL/0020 (7).jpg,1
train/REAL/0020 (8).jpg,1
train/REAL/0020 (9).jpg,1
train/REAL/0020.jpg,1
train/REAL/0021 (10).jpg,1
train/REAL/0021 (2).jpg,1
train/REAL/0021 (3).jpg,1
train/REAL/0021 (4).jpg,1
train/REAL/0021 (5).jpg,1
train/REAL/0021 (6).jpg,1
train/REAL/0021 (7).jpg,1
train/REAL/0021 (8).jpg,1
train/REAL/0021 (9).jpg,1
train/REAL/0021.jpg,1
train/REAL/0022 (10).jpg,1
train/REAL/0022 (2).jpg,1
train/REAL/0022 (3).jpg,1
train/REAL/0022 (4).jpg,1
train/REAL/0022 (5).jpg,1
train/REAL/0022 (6).jpg,1
train/REAL/0022 (7).jpg,1
train/REAL/0022 (8).jpg,1
train/REAL/0022 (9).jpg,1
train/REAL/0022.jpg,1
train/REAL/0023 (10).jpg,1
train/REAL/0023 (2).jpg,1
train/REAL/0023 (3).jpg,1
train/REAL/0023 (4).jpg,1
train/REAL/0023 (5).jpg,1
train/REAL/0023 (6).jpg,1
train/REAL/0023 (7).jpg,1
train/REAL/0023 (8).jpg,1
train/REAL/0023 (9).jpg,1
train/REAL/0023.jpg,1
train/REAL/0024 (10).jpg,1
train/REAL/0024 (2).jpg,1
train/REAL/0024 (3).jpg,1
train/REAL/0024 (4).jpg,1
train/REAL/0024 (5).jpg,1
train/REAL/0024 (6).jpg,1
train/REAL/0024 (7).jpg,1
train/REAL/0024 (8).jpg,1
train/REAL/0024 (9).jpg,1
train/REAL/0024.jpg,1
train/REAL/0025 (10).jpg,1
train/REAL/0025 (2).jpg,1
train/REAL/0025 (3).jpg,1
train/REAL/0025 (4).jpg,1
train/REAL/0025 (5).jpg,1
train/REAL/0025 (6).jpg,1
train/REAL/0025 (7).jpg,1
train/REAL/0025 (8).jpg,1
train/REAL/0025 (9).jpg,1
train/REAL/0025.jpg,1
train/REAL/0026 (10).jpg,1
train/REAL/0026 (2).jpg,1
train/REAL/0026 (3).jpg,1
train/REAL/0026 (4).jpg,1
train/REAL/0026 (5).jpg,1
train/REAL/0026 (6).jpg,1
train/REAL/0026 (7).jpg,1
train/REAL/0026 (8).jpg,1
train/REAL/0026 (9).jpg,1
train/REAL/0026.jpg,1
train/REAL/0027 (10).jpg,1
train/REAL/0027 (2).jpg,1
train/REAL/0027 (3).jpg,1
train/REAL/0027 (4).jpg,1
train/REAL/0027 (5).jpg,1
train/REAL/0027 (6).jpg,1
train/REAL/0027 (7).jpg,1
train/REAL/0027 (8).jpg,1
train/REAL/0027 (9).jpg,1
train/REAL/0027.jpg,1
train/REAL/0028 (10).jpg,1
train/REAL/0028 (2).jpg,1
train/REAL/0028 (3).jpg,1
train/REAL/0028 (4).jpg,1
train/REAL/0028 (5).jpg,1
train/REAL/0028 (6).jpg,1
train/REAL/0028 (7).jpg,1
train/REAL/0028 (8).jpg,1
train/REAL/0028 (9).jpg,1
train/REAL/0028.jpg,1
train/REAL/0029 (10).jpg,1
train/REAL/0029 (2).jpg,1
train/REAL/0029 (3).jpg,1
train/REAL/0029 (4).jpg,1
train/REAL/0029 (5).jpg,1
train/REAL/0029 (6).jpg,1
train/REAL/0029 (7).jpg,1
train/REAL/0029 (8).jpg,1
train/REAL/0029 (9).jpg,1
train/REAL/0029.jpg,1
train/REAL/0030 (10).jpg,1
train/REAL/0030 (2).jpg,1
train/REAL/0030 (3).jpg,1
train/REAL/0030 (4).jpg,1
train/REAL/0030 (5).jpg,1
train/REAL/0030 (6).jpg,1
train/REAL/0030 (7).jpg,1
train/REAL/0030 (8).jpg,1
train/REAL/0030 (9).jpg,1
train/REAL/0030.jpg,1
train/REAL/0031 (10).jpg,1
train/REAL/0031 (2).jpg,1
train/REAL/0031 (3).jpg,1
train/REAL/0031 (4).jpg,1
train/REAL/0031 (5).jpg,1
train/REAL/0031 (6).jpg,1
train/REAL/0031 (7).jpg,1
train/REAL/0031 (8).jpg,1
train/REAL/0031 (9).jpg,1
train/REAL/0031.jpg,1
train/REAL/0032 (10).jpg,1
train/REAL/0032 (2).jpg,1
train/REAL/0032 (3).jpg,1
train/REAL/0032 (4).jpg,1
train/REAL/0032 (5).jpg,1
train/REAL/0032 (6).jpg,1
train/REAL/0032 (7).jpg,1
train/REAL/0032 (8).jpg,1
train/REAL/0032 (9).jpg,1
train/REAL/0032.jpg,1
train/REAL/0033 (10).jpg,1
train/REAL/0033 (2).jpg,1
train/REAL/0033 (3).jpg,1
train/REAL/0033 (4).jpg,1
train/REAL/0033 (5).jpg,1
train/REAL/0033 (6).jpg,1
train/REAL/0033 (7).jpg,1
train/REAL/0033 (8).jpg,1
train/REAL/0033 (9).jpg,1
train/REAL/0033.jpg,1
train/REAL/0034 (10).jpg,1
train/REAL/0034 (2).jpg,1
train/REAL/0034 (3).jpg,1
train/REAL/0034 (4).jpg,1
train/REAL/0034 (5).jpg,1
train/REAL/0034 (6).jpg,1
train/REAL/0034 (7).jpg,1
train/REAL/0034 (8).jpg,1
train/REAL/0034 (9).jpg,1
train/REAL/0034.jpg,1
train/REAL/0035 (10).jpg,1
train/REAL/0035 (2).jpg,1
train/REAL/0035 (3).jpg,1
train/REAL/0035 (4).jpg,1
train/REAL/0035 (5).jpg,1
train/REAL/0035 (6).jpg,1
train/REAL/0035 (7).jpg,1
train/REAL/0035 (8).jpg,1
train/REAL/0035 (9).jpg,1
train/REAL/0035.jpg,1
train/REAL/0036 (10).jpg,1
train/REAL/0036 (2).jpg,1
train/REAL/0036 (3).jpg,1
train/REAL/0036 (4).jpg,1
train/REAL/0036 (5).jpg,1
train/REAL/0036 (6).jpg,1
train/REAL/0036 (7).jpg,1
train/REAL/0036 (8).jpg,1
train/REAL/0036 (9).jpg,1
train/REAL/0036.jpg,1
train/REAL/0037 (10).jpg,1
train/REAL/0037 (2).jpg,1
train/REAL/0037 (3).jpg,1
train/REAL/0037 (4).jpg,1
train/REAL/0037 (5).jpg,1
train/REAL/0037 (6).jpg,1
train/REAL/0037 (7).jpg,1
train/REAL/0037 (8).jpg,1
train/REAL/0037 (9).jpg,1
train/REAL/0037.jpg,1
train/REAL/0038 (10).jpg,1
train/REAL/0038 (2).jpg,1
train/REAL/0038 (3).jpg,1
train/REAL/0038 (4).jpg,1
train/REAL/0038 (5).jpg,1
train/REAL/0038 (6).jpg,1
train/REAL/0038 (7).jpg,1
train/REAL/0038 (8).jpg,1
train/REAL/0038 (9).jpg,1
train/REAL/0038.jpg,1
train/REAL/0039 (10).jpg,1
train/REAL/0039 (2).jpg,1
train/REAL/0039 (3).jpg,1
train/REAL/0039 (4).jpg,1
train/REAL/0039 (5).jpg,1
train/REAL/0039 (6).jpg,1
train/REAL/0039 (7).jpg,1
train/REAL/0039 (8).jpg,1
train/REAL/0039 (9).jpg,1
train/REAL/0039.jpg,1
train/REAL/0040 (10).jpg,1
train/REAL/0040 (2).jpg,1
train/REAL/0040 (3).jpg,1
train/REAL/0040 (4).jpg,1
train/REAL/0040 (5).jpg,1
train/REAL/0040 (6).jpg,1
train/REAL/0040 (7).jpg,1
train/REAL/0040 (8).jpg,1
train/REAL/0040 (9).jpg,1
train/REAL/0040.jpg,1
train/REAL/0041 (10).jpg,1
train/REAL/0041 (2).jpg,1
train/REAL/0041 (3).jpg,1
train/REAL/0041 (4).jpg,1
train/REAL/0041 (5).jpg,1
train/REAL/0041 (6).jpg,1
train/REAL/0041 (7).jpg,1
train/REAL/0041 (8).jpg,1
train/REAL/0041 (9).jpg,1
train/REAL/0041.jpg,1
train/REAL/0042 (10).jpg,1
train/REAL/0042 (2).jpg,1
train/REAL/0042 (3).jpg,1
train/REAL/0042 (4).jpg,1
train/REAL/0042 (5).jpg,1
train/REAL/0042 (6).jpg,1
train/REAL/0042 (7).jpg,1
train/REAL/0042 (8).jpg,1
train/REAL/0042 (9).jpg,1
train/REAL/0042.jpg,1
train/REAL/0043 (10).jpg,1
train/REAL/0043 (2).jpg,1
train/REAL/0043 (3).jpg,1
train/REAL/0043 (4).jpg,1
train/REAL/0043 (5).jpg,1
train/REAL/0043 (6).jpg,1
train/REAL/0043 (7).jpg,1
train/REAL/0043 (8).jpg,1
train/REAL/0043 (9).jpg,1
train/REAL/0043.jpg,1
train/REAL/0044 (10).jpg,1
train/REAL/0044 (2).jpg,1
train/REAL/0044 (3).jpg,1
train/REAL/0044 (4).jpg,1
train/REAL/0044 (5).jpg,1
train/REAL/0044 (6).jpg,1
train/REAL/0044 (7).jpg,1
train/REAL/0044 (8).jpg,1
train/REAL/0044 (9).jpg,1
train/REAL/0044.jpg,1
train/REAL/0045 (10).jpg,1
train/REAL/0045 (2).jpg,1
train/REAL/0045 (3).jpg,1
train/REAL/0045 (4).jpg,1
train/REAL/0045 (5).jpg,1
train/REAL/0045 (6).jpg,1
train/REAL/0045 (7).jpg,1
train/REAL/0045 (8).jpg,1
train/REAL/0045 (9).jpg,1
train/REAL/0045.jpg,1
train/REAL/0046 (10).jpg,1
train/REAL/0046 (2).jpg,1
train/REAL/0046 (3).jpg,1
train/REAL/0046 (4).jpg,1
train/REAL/0046 (5).jpg,1
train/REAL/0046 (6).jpg,1
train/REAL/0046 (7).jpg,1
train/REAL/0046 (8).jpg,1
train/REAL/0046 (9).jpg,1
train/REAL/0046.jpg,1
train/REAL/0047 (10).jpg,1
train/REAL/0047 (2).jpg,1
train/REAL/0047 (3).jpg,1
train/REAL/0047 (4).jpg,1
train/REAL/0047 (5).jpg,1
train/REAL/0047 (6).jpg,1
train/REAL/0047 (7).jpg,1
train/REAL/0047 (8).jpg,1
train/REAL/0047 (9).jpg,1
train/REAL/0047.jpg,1
train/REAL/0048 (10).jpg,1
train/REAL/0048 (2).jpg,1
train/REAL/0048 (3).jpg,1
train/REAL/0048 (4).jpg,1
train/REAL/0048 (5).jpg,1
train/REAL/0048 (6).jpg,1
train/REAL/0048 (7).jpg,1
train/REAL/0048 (8).jpg,1
train/REAL/0048 (9).jpg,1
train/REAL/0048.jpg,1
train/REAL/0049 (10).jpg,1
train/REAL/0049 (2).jpg,1
train/REAL/0049 (3).jpg,1
train/REAL/0049 (4).jpg,1
train/REAL/0049 (5).jpg,1
train/REAL/0049 (6).jpg,1
train/REAL/0049 (7).jpg,1
train/REAL/0049 (8).jpg,1
train/REAL/0049 (9).jpg,1
train/REAL/0049.jpg,1
train/REAL/0050 (10).jpg,1
train/REAL/0050 (2).jpg,1
train/REAL/0050 (3).jpg,1
train/REAL/0050 (4).jpg,1
train/REAL/0050 (5).jpg,1
train/REAL/0050 (6).jpg,1
train/REAL/0050 (7).jpg,1
train/REAL/0050 (8).jpg,1
train/REAL/0050 (9).jpg,1
train/REAL/0050.jpg,1
train/REAL/0051 (10).jpg,1
train/REAL/0051 (2).jpg,1
train/REAL/0051 (3).jpg,1
train/REAL/0051 (4).jpg,1
train/REAL/0051 (5).jpg,1
train/REAL/0051 (6).jpg,1
train/REAL/0051 (7).jpg,1
train/REAL/0051 (8).jpg,1
train/REAL/0051 (9).jpg,1
train/REAL/0051.jpg,1
train/REAL/0052 (10).jpg,1
train/REAL/0052 (2).jpg,1
train/REAL/0052 (3).jpg,1
train/REAL/0052 (4).jpg,1
train/REAL/0052 (5).jpg,1
train/REAL/0052 (6).jpg,1
train/REAL/0052 (7).jpg,1
train/REAL/0052 (8).jpg,1
train/REAL/0052 (9).jpg,1
train/REAL/0052.jpg,1
train/REAL/0053 (10).jpg,1
train/REAL/0053 (2).jpg,1
train/REAL/0053 (3).jpg,1
train/REAL/0053 (4).jpg,1
train/REAL/0053 (5).jpg,1
train/REAL/0053 (6).jpg,1
train/REAL/0053 (7).jpg,1
train/REAL/0053 (8).jpg,1
train/REAL/0053 (9).jpg,1
train/REAL/0053.jpg,1
train/REAL/0054 (10).jpg,1
train/REAL/0054 (2).jpg,1
train/REAL/0054 (3).jpg,1
train/REAL/0054 (4).jpg,1
train/REAL/0054 (5).jpg,1
train/REAL/0054 (6).jpg,1
train/REAL/0054 (7).jpg,1
train/REAL/0054 (8).jpg,1
train/REAL/0054 (9).jpg,1
train/REAL/0054.jpg,1
train/REAL/0055 (10).jpg,1
train/REAL/0055 (2).jpg,1
train/REAL/0055 (3).jpg,1
train/REAL/0055 (4).jpg,1
train/REAL/0055 (5).jpg,1
train/REAL/0055 (6).jpg,1
train/REAL/0055 (7).jpg,1
train/REAL/0055 (8).jpg,1
train/REAL/0055 (9).jpg,1
train/REAL/0055.jpg,1
train/REAL/0056 (10).jpg,1
train/REAL/0056 (2).jpg,1
train/REAL/0056 (3).jpg,1
train/REAL/0056 (4).jpg,1
train/REAL/0056 (5).jpg,1
train/REAL/0056 (6).jpg,1
train/REAL/0056 (7).jpg,1
train/REAL/0056 (8).jpg,1
train/REAL/0056 (9).jpg,1
train/REAL/0056.jpg,1
train/REAL/0057 (10).jpg,1
train/REAL/0057 (2).jpg,1
train/REAL/0057 (3).jpg,1
train/REAL/0057 (4).jpg,1
train/REAL/0057 (5).jpg,1
train/REAL/0057 (6).jpg,1
train/REAL/0057 (7).jpg,1
train/REAL/0057 (8).jpg,1
train/REAL/0057 (9).jpg,1
train/REAL/0057.jpg,1
train/REAL/0058 (10).jpg,1
train/REAL/0058 (2).jpg,1
train/REAL/0058 (3).jpg,1
train/REAL/0058 (4).jpg,1
train/REAL/0058 (5).jpg,1
train/REAL/0058 (6).jpg,1
train/REAL/0058 (7).jpg,1
train/REAL/0058 (8).jpg,1
train/REAL/0058 (9).jpg,1
train/REAL/0058.jpg,1
train/REAL/0059 (10).jpg,1
train/REAL/0059 (2).jpg,1
train/REAL/0059 (3).jpg,1
train/REAL/0059 (4).jpg,1
train/REAL/0059 (5).jpg,1
train/REAL/0059 (6).jpg,1
train/REAL/0059 (7).jpg,1
train/REAL/0059 (8).jpg,1
train/REAL/0059 (9).jpg,1
train/REAL/0059.jpg,1
train/REAL/0060 (10).jpg,1
train/REAL/0060 (2).jpg,1
train/REAL/0060 (3).jpg,1
train/REAL/0060 (4).jpg,1
train/REAL/0060 (5).jpg,1
train/REAL/0060 (6).jpg,1
train/REAL/0060 (7).jpg,1
train/REAL/0060 (8).jpg,1
train/REAL/0060 (9).jpg,1
train/REAL/0060.jpg,1
train/REAL/0061 (10).jpg,1
train/REAL/0061 (2).jpg,1
train/REAL/0061 (3).jpg,1
train/REAL/0061 (4).jpg,1
train/REAL/0061 (5).jpg,1
train/REAL/0061 (6).jpg,1
train/REAL/0061 (7).jpg,1
train/REAL/0061 (8).jpg,1
train/REAL/0061 (9).jpg,1
train/REAL/0061.jpg,1
train/REAL/0062 (10).jpg,1
train/REAL/0062 (2).jpg,1
train/REAL/0062 (3).jpg,1
train/REAL/0062 (4).jpg,1
train/REAL/0062 (5).jpg,1
train/REAL/0062 (6).jpg,1
train/REAL/0062 (7).jpg,1
train/REAL/0062 (8).jpg,1
train/REAL/0062 (9).jpg,1
train/REAL/0062.jpg,1
train/REAL/0063 (10).jpg,1
train/REAL/0063 (2).jpg,1
train/REAL/0063 (3).jpg,1
train/REAL/0063 (4).jpg,1
train/REAL/0063 (5).jpg,1
train/REAL/0063 (6).jpg,1
train/REAL/0063 (7).jpg,1
train/REAL/0063 (8).jpg,1
train/REAL/0063 (9).jpg,1
train/REAL/0063.jpg,1
train/REAL/0064 (10).jpg,1
train/REAL/0064 (2).jpg,1
train/REAL/0064 (3).jpg,1
train/REAL/0064 (4).jpg,1
train/REAL/0064 (5).jpg,1
train/REAL/0064 (6).jpg,1
train/REAL/0064 (7).jpg,1
train/REAL/0064 (8).jpg,1
train/REAL/0064 (9).jpg,1
train/REAL/0064.jpg,1
train/REAL/0065 (10).jpg,1
train/REAL/0065 (2).jpg,1
train/REAL/0065 (3).jpg,1
train/REAL/0065 (4).jpg,1
train/REAL/0065 (5).jpg,1
train/REAL/0065 (6).jpg,1
train/REAL/0065 (7).jpg,1
train/REAL/0065 (8).jpg,1
train/REAL/0065 (9).jpg,1
train/REAL/0065.jpg,1
train/REAL/0066 (10).jpg,1
train/REAL/0066 (2).jpg,1
train/REAL/0066 (3).jpg,1
train/REAL/0066 (4).jpg,1
train/REAL/0066 (5).jpg,1
train/REAL/0066 (6).jpg,1
train/REAL/0066 (7).jpg,1
train/REAL/0066 (8).jpg,1
train/REAL/0066 (9).jpg,1
train/REAL/0066.jpg,1
train/REAL/0067 (10).jpg,1
train/REAL/0067 (2).jpg,1
train/REAL/0067 (3).jpg,1
train/REAL/0067 (4).jpg,1
train/REAL/0067 (5).jpg,1
train/REAL/0067 (6).jpg,1
train/REAL/0067 (7).jpg,1
train/REAL/0067 (8).jpg,1
train/REAL/0067 (9).jpg,1
train/REAL/0067.jpg,1
train/REAL/0068 (10).jpg,1
train/REAL/0068 (2).jpg,1
train/REAL/0068 (3).jpg,1
train/REAL/0068 (4).jpg,1
train/REAL/0068 (5).jpg,1
train/REAL/0068 (6).jpg,1
train/REAL/0068 (7).jpg,1
train/REAL/0068 (8).jpg,1
train/REAL/0068 (9).jpg,1
train/REAL/0068.jpg,1
train/REAL/0069 (10).jpg,1
train/REAL/0069 (2).jpg,1
train/REAL/0069 (3).jpg,1
train/REAL/0069 (4).jpg,1
train/REAL/0069 (5).jpg,1
train/REAL/0069 (6).jpg,1
train/REAL/0069 (7).jpg,1
train/REAL/0069 (8).jpg,1
train/REAL/0069 (9).jpg,1
train/REAL/0069.jpg,1
train/REAL/0070 (10).jpg,1
train/REAL/0070 (2).jpg,1
train/REAL/0070 (3).jpg,1
train/REAL/0070 (4).jpg,1
train/REAL/0070 (5).jpg,1
train/REAL/0070 (6).jpg,1
train/REAL/0070 (7).jpg,1
train/REAL/0070 (8).jpg,1
train/REAL/0070 (9).jpg,1
train/REAL/0070.jpg,1
train/REAL/0071 (10).jpg,1
train/REAL/0071 (2).jpg,1
train/REAL/0071 (3).jpg,1
train/REAL/0071 (4).jpg,1
train/REAL/0071 (5).jpg,1
train/REAL/0071 (6).jpg,1
train/REAL/0071 (7).jpg,1
train/REAL/0071 (8).jpg,1
train/REAL/0071 (9).jpg,1
train/REAL/0071.jpg,1
train/REAL/0072 (10).jpg,1
train/REAL/0072 (2).jpg,1
train/REAL/0072 (3).jpg,1
train/REAL/0072 (4).jpg,1
train/REAL/0072 (5).jpg,1
train/REAL/0072 (6).jpg,1
train/REAL/0072 (7).jpg,1
train/REAL/0072 (8).jpg,1
train/REAL/0072 (9).jpg,1
train/REAL/0072.jpg,1
train/REAL/0073 (10).jpg,1
train/REAL/0073 (2).jpg,1
train/REAL/0073 (3).jpg,1
train/REAL/0073 (4).jpg,1
train/REAL/0073 (5).jpg,1
train/REAL/0073 (6).jpg,1
train/REAL/0073 (7).jpg,1
train/REAL/0073 (8).jpg,1
train/REAL/0073 (9).jpg,1
train/REAL/0073.jpg,1
train/REAL/0074 (10).jpg,1
train/REAL/0074 (2).jpg,1
train/REAL/0074 (3).jpg,1
train/REAL/0074 (4).jpg,1
train/REAL/0074 (5).jpg,1
train/REAL/0074 (6).jpg,1
train/REAL/0074 (7).jpg,1
train/REAL/0074 (8).jpg,1
train/REAL/0074 (9).jpg,1
train/REAL/0074.jpg,1
train/REAL/0075 (10).jpg,1
train/REAL/0075 (2).jpg,1
train/REAL/0075 (3).jpg,1
train/REAL/0075 (4).jpg,1
train/REAL/0075 (5).jpg,1
train/REAL/0075 (6).jpg,1
train/REAL/0075 (7).jpg,1
train/REAL/0075 (8).jpg,1
train/REAL/0075 (9).jpg,1
train/REAL/0075.jpg,1
train/REAL/0076 (10).jpg,1
train/REAL/0076 (2).jpg,1
train/REAL/0076 (3).jpg,1
train/REAL/0076 (4).jpg,1
train/REAL/0076 (5).jpg,1
train/REAL/0076 (6).jpg,1
train/REAL/0076 (7).jpg,1
train/REAL/0076 (8).jpg,1
train/REAL/0076 (9).jpg,1
train/REAL/0076.jpg,1
train/REAL/0077 (10).jpg,1
train/REAL/0077 (2).jpg,1
train/REAL/0077 (3).jpg,1
train/REAL/0077 (4).jpg,1
train/REAL/0077 (5).jpg,1
train/REAL/0077 (6).jpg,1
train/REAL/0077 (7).jpg,1
train/REAL/0077 (8).jpg,1
train/REAL/0077 (9).jpg,1
train/REAL/0077.jpg,1
train/REAL/0078 (10).jpg,1
train/REAL/0078 (2).jpg,1
train/REAL/0078 (3).jpg,1
train/REAL/0078 (4).jpg,1
train/REAL/0078 (5).jpg,1
train/REAL/0078 (6).jpg,1
train/REAL/0078 (7).jpg,1
train/REAL/0078 (8).jpg,1
train/REAL/0078 (9).jpg,1
train/REAL/0078.jpg,1
train/REAL/0079 (10).jpg,1
train/REAL/0079 (2).jpg,1
train/REAL/0079 (3).jpg,1
train/REAL/0079 (4).jpg,1
train/REAL/0079 (5).jpg,1
train/REAL/0079 (6).jpg,1
train/REAL/0079 (7).jpg,1
train/REAL/0079 (8).jpg,1
train/REAL/0079 (9).jpg,1
train/REAL/0079.jpg,1
train/REAL/0080 (10).jpg,1
train/REAL/0080 (2).jpg,1
train/REAL/0080 (3).jpg,1
train/REAL/0080 (4).jpg,1
train/REAL/0080 (5).jpg,1
train/REAL/0080 (6).jpg,1
train/REAL/0080 (7).jpg,1
train/REAL/0080 (8).jpg,1
train/REAL/0080 (9).jpg,1
train/REAL/0080.jpg,1
train/REAL/0081 (10).jpg,1
train/REAL/0081 (2).jpg,1
train/REAL/0081 (3).jpg,1
train/REAL/0081 (4).jpg,1
train/REAL/0081 (5).jpg,1
train/REAL/0081 (6).jpg,1
train/REAL/0081 (7).jpg,1
train/REAL/0081 (8).jpg,1
train/REAL/0081 (9).jpg,1
train/REAL/0081.jpg,1
train/REAL/0082 (10).jpg,1
train/REAL/0082 (2).jpg,1
train/REAL/0082 (3).jpg,1
train/REAL/0082 (4).jpg,1
train/REAL/0082 (5).jpg,1
train/REAL/0082 (6).jpg,1
train/REAL/0082 (7).jpg,1
train/REAL/0082 (8).jpg,1
train/REAL/0082 (9).jpg,1
train/REAL/0082.jpg,1
train/REAL/0083 (10).jpg,1
train/REAL/0083 (2).jpg,1
train/REAL/0083 (3).jpg,1
train/REAL/0083 (4).jpg,1
train/REAL/0083 (5).jpg,1
train/REAL/0083 (6).jpg,1
train/REAL/0083 (7).jpg,1
train/REAL/0083 (8).jpg,1
train/REAL/0083 (9).jpg,1
train/REAL/0083.jpg,1
train/REAL/0084 (10).jpg,1
train/REAL/0084 (2).jpg,1
train/REAL/0084 (3).jpg,1
train/REAL/0084 (4).jpg,1
train/REAL/0084 (5).jpg,1
train/REAL/0084 (6).jpg,1
train/REAL/0084 (7).jpg,1
train/REAL/0084 (8).jpg,1
train/REAL/0084 (9).jpg,1
train/REAL/0084.jpg,1
train/REAL/0085 (10).jpg,1
train/REAL/0085 (2).jpg,1
train/REAL/0085 (3).jpg,1
train/REAL/0085 (4).jpg,1
train/REAL/0085 (5).jpg,1
train/REAL/0085 (6).jpg,1
train/REAL/0085 (7).jpg,1
train/REAL/0085 (8).jpg,1
train/REAL/0085 (9).jpg,1
train/REAL/0085.jpg,1
train/REAL/0086 (10).jpg,1
train/REAL/0086 (2).jpg,1
train/REAL/0086 (3).jpg,1
train/REAL/0086 (4).jpg,1
train/REAL/0086 (5).jpg,1
train/REAL/0086 (6).jpg,1
train/REAL/0086 (7).jpg,1
train/REAL/0086 (8).jpg,1
train/REAL/0086 (9).jpg,1
train/REAL/0086.jpg,1
train/REAL/0087 (10).jpg,1
train/REAL/0087 (2).jpg,1
train/REAL/0087 (3).jpg,1
train/REAL/0087 (4).jpg,1
train/REAL/0087 (5).jpg,1
train/REAL/0087 (6).jpg,1
train/REAL/0087 (7).jpg,1
train/REAL/0087 (8).jpg,1
train/REAL/0087 (9).jpg,1
train/REAL/0087.jpg,1
train/REAL/0088 (10).jpg,1
train/REAL/0088 (2).jpg,1
train/REAL/0088 (3).jpg,1
train/REAL/0088 (4).jpg,1
train/REAL/0088 (5).jpg,1
train/REAL/0088 (6).jpg,1
train/REAL/0088 (7).jpg,1
train/REAL/0088 (8).jpg,1
train/REAL/0088 (9).jpg,1
train/REAL/0088.jpg,1
train/REAL/0089 (10).jpg,1
train/REAL/0089 (2).jpg,1
train/REAL/0089 (3).jpg,1
train/REAL/0089 (4).jpg,1
train/REAL/0089 (5).jpg,1
train/REAL/0089 (6).jpg,1
train/REAL/0089 (7).jpg,1
train/REAL/0089 (8).jpg,1
train/REAL/0089 (9).jpg,1
train/REAL/0089.jpg,1
train/REAL/0090 (10).jpg,1
train/REAL/0090 (2).jpg,1
train/REAL/0090 (3).jpg,1
train/REAL/0090 (4).jpg,1
train/REAL/0090 (5).jpg,1
train/REAL/0090 (6).jpg,1
train/REAL/0090 (7).jpg,1
train/REAL/0090 (8).jpg,1
train/REAL/0090 (9).jpg,1
train/REAL/0090.jpg,1
train/REAL/0091 (10).jpg,1
train/REAL/0091 (2).jpg,1
train/REAL/0091 (3).jpg,1
train/REAL/0091 (4).jpg,1
train/REAL/0091 (5).jpg,1
train/REAL/0091 (6).jpg,1
train/REAL/0091 (7).jpg,1
train/REAL/0091 (8).jpg,1
train/REAL/0091 (9).jpg,1
train/REAL/0091.jpg,1
train/REAL/0092 (10).jpg,1
train/REAL/0092 (2).jpg,1
train/REAL/0092 (3).jpg,1
train/REAL/0092 (4).jpg,1
train/REAL/0092 (5).jpg,1
train/REAL/0092 (6).jpg,1
train/REAL/0092 (7).jpg,1
train/REAL/0092 (8).jpg,1
train/REAL/0092 (9).jpg,1
train/REAL/0092.jpg,1
train/REAL/0093 (10).jpg,1
train/REAL/0093 (2).jpg,1
train/REAL/0093 (3).jpg,1
train/REAL/0093 (4).jpg,1
train/REAL/0093 (5).jpg,1
train/REAL/0093 (6).jpg,1
train/REAL/0093 (7).jpg,1
train/REAL/0093 (8).jpg,1
train/REAL/0093 (9).jpg,1
train/REAL/0093.jpg,1
train/REAL/0094 (10).jpg,1
train/REAL/0094 (2).jpg,1
train/REAL/0094 (3).jpg,1
train/REAL/0094 (4).jpg,1
train/REAL/0094 (5).jpg,1
train/REAL/0094 (6).jpg,1
train/REAL/0094 (7).jpg,1
train/REAL/0094 (8).jpg,1
train/REAL/0094 (9).jpg,1
train/REAL/0094.jpg,1
train/REAL/0095 (10).jpg,1
train/REAL/0095 (2).jpg,1
train/REAL/0095 (3).jpg,1
train/REAL/0095 (4).jpg,1
train/REAL/0095 (5).jpg,1
train/REAL/0095 (6).jpg,1
train/REAL/0095 (7).jpg,1
train/REAL/0095 (8).jpg,1
train/REAL/0095 (9).jpg,1
train/REAL/0095.jpg,1
train/REAL/0096 (10).jpg,1
train/REAL/0096 (2).jpg,1
train/REAL/0096 (3).jpg,1
train/REAL/0096 (4).jpg,1
train/REAL/0096 (5).jpg,1
train/REAL/0096 (6).jpg,1
train/REAL/0096 (7).jpg,1
train/REAL/0096 (8).jpg,1
train/REAL/0096 (9).jpg,1
train/REAL/0096.jpg,1
train/REAL/0097 (10).jpg,1
train/REAL/0097 (2).jpg,1
train/REAL/0097 (3).jpg,1
train/REAL/0097 (4).jpg,1
train/REAL/0097 (5).jpg,1
train/REAL/0097 (6).jpg,1
train/REAL/0097 (7).jpg,1
train/REAL/0097 (8).jpg,1
train/REAL/0097 (9).jpg,1
train/REAL/0097.jpg,1
train/REAL/0098 (10).jpg,1
train/REAL/0098 (2).jpg,1
train/REAL/0098 (3).jpg,1
train/REAL/0098 (4).jpg,1
train/REAL/0098 (5).jpg,1
train/REAL/0098 (6).jpg,1
train/REAL/0098 (7).jpg,1
train/REAL/0098 (8).jpg,1
train/REAL/0098 (9).jpg,1
train/REAL/0098.jpg,1
train/REAL/0099 (10).jpg,1
train/REAL/0099 (2).jpg,1
train/REAL/0099 (3).jpg,1
train/REAL/0099 (4).jpg,1
train/REAL/0099 (5).jpg,1
train/REAL/0099 (6).jpg,1
train/REAL/0099 (7).jpg,1
train/REAL/0099 (8).jpg,1
train/REAL/0099 (9).jpg,1
train/REAL/0099.jpg,1
